# Actions a Host with every built-in plugin enabled registers that no built-in Manifest declares, one row per capability_id@version and provider.
# Generated by `node scripts/gates/action-contract-snapshot.mjs --update` (pnpm actions:update); do not edit by hand.
# They are the system.* providers, the Runtime SDK services of each installed plugin, and plugin-owned actions registered in code beside the
# Manifest. provider is the id the Host registers them under. Same columns and reading as actions.tsv. When a plugin declares one of them in
# its Manifest, the row moves to actions.tsv; a row with no Manifest is a contract nothing in the plugin's package carries.
capability_id	version	provider	operation	kind	scope	effect	scheduling	audiences	permissions	subjects	input_type	output_type	input	output	traits
actions.usages.read	1	system.action-usages	query	query	home	read	concurrent	agent,mcp,user	-	-	-	-	8fc50332e9ea	d71b99ccedeb	-
connectors.account.read	1	system.connectors	query	query	home	read	concurrent	agent,mcp,user	connectors:account:read	connector	-	-	7d42269d0825	e14fa014b7b4	-
experiments.cancel	1	io.molis.work.experiments	command	operation	home	write	-	user	experiments:write	experiment	-	-	de2f7e460673	ff0d4d82cbb7	-
experiments.connection.select	1	io.molis.work.experiments	command	operation	home	write	-	user	experiments:write	experiment	-	-	62630bdfda35	4dcdf02d0476	-
experiments.create	1	io.molis.work.experiments	command	operation	home	write	-	user	experiments:write	experiment	-	-	c3d3f74b91e6	ff0d4d82cbb7	-
experiments.delete	1	io.molis.work.experiments	command	operation	home	irreversible	-	user	experiments:write	experiment	-	-	de2f7e460673	07a9ad95ba37	-
experiments.functions.list	1	io.molis.work.experiments	query	query	home	read	-	user	experiments:read,functions:manage	experiment	-	-	d746974fa9af	33743ba6cb03	-
experiments.get	1	io.molis.work.experiments	query	query	home	read	-	user	experiments:read	experiment	-	-	de2f7e460673	15b865459781	-
experiments.list	1	io.molis.work.experiments	query	query	home	read	-	agent,mcp,user,workflow	experiments:read	experiment	-	-	d746974fa9af	5634ab16c432	-
experiments.participants.delete	1	io.molis.work.experiments	command	operation	home	irreversible	-	user	experiments:write	experiment	-	-	de2f7e460673	07a9ad95ba37	-
experiments.participants.list	1	io.molis.work.experiments	query	query	home	read	-	user	experiments:read	experiment	-	-	d746974fa9af	62b034994dcf	-
experiments.participants.save	1	io.molis.work.experiments	command	operation	home	write	-	user	experiments:write	experiment	-	-	d3e8b3e47c26	840e73f59de0	-
experiments.results	1	io.molis.work.experiments	query	query	home	read	-	agent,mcp,user,workflow	experiments:read	experiment	-	-	de2f7e460673	f0b891c0dbcb	-
experiments.review	1	io.molis.work.experiments	command	operation	home	write	-	user	experiments:write	experiment	-	-	fc4ea9cf95c9	ff0d4d82cbb7	-
experiments.run	1	io.molis.work.experiments	command	operation	home	write	-	user	experiments:write,model:invoke	experiment	-	-	de2f7e460673	ff0d4d82cbb7	613063238287
experiments.search.entries	1	io.molis.work.experiments	query	query	home	read	concurrent	agent,mcp,plugin,user,workflow	experiments:read	experiment	molis.search.entries.window.v1	molis.search.entries.page.v1	09d161bb4729	501913bfa17f	51a88885fc04
experiments.subject.read	1	io.molis.work.experiments	query	query	home	read	concurrent	agent,mcp,plugin,user,workflow	experiments:read	experiment	molis.subject-reference.v1	molis.subject-context.v1	56056e2eba4c	db343dd77f37	-
functions.authoring.catalog	1	system.functions	query	query	home	read	-	agent,mcp,user,workflow	functions:manage	-	-	-	d746974fa9af	80d5bc6ba3f2	-
functions.authoring.configure	1	system.functions	command	operation	home	write	-	agent,mcp,user,workflow	functions:manage	-	-	-	edd82b576d7e	c4c6715b3c37	-
functions.authoring.create	1	system.functions	command	operation	home	write	-	agent,mcp,user,workflow	functions:manage	-	-	-	5c778898fba7	d0e7a29830c7	-
functions.authoring.delete	1	system.functions	command	operation	home	irreversible	-	agent,mcp,user,workflow	functions:manage	-	-	-	f5e4f9940b23	c4c6715b3c37	-
functions.authoring.get	1	system.functions	query	query	home	read	-	agent,mcp,user,workflow	functions:manage	-	-	-	edf9aab1fda6	d0e7a29830c7	-
functions.authoring.history	1	system.functions	query	query	home	read	-	agent,mcp,user,workflow	functions:manage	-	-	-	d746974fa9af	55609c9c02b3	-
functions.authoring.list	1	system.functions	query	query	home	read	-	agent,mcp,user,workflow	functions:manage	-	-	-	d746974fa9af	3d402a13cdcd	-
functions.authoring.preview	1	system.functions	command	operation	home	write	concurrent	agent,mcp,user,workflow	functions:invoke,functions:manage	-	-	-	34b182a35991	d0e7a29830c7	613063238287
functions.authoring.publish	1	system.functions	command	operation	home	write	-	agent,mcp,user,workflow	functions:manage	-	-	-	f5e4f9940b23	d0e7a29830c7	-
functions.authoring.sample.add	1	system.functions	command	operation	home	write	-	agent,mcp,user,workflow	functions:manage	-	-	-	752c022ad282	d0e7a29830c7	-
functions.authoring.sample.remove	1	system.functions	command	operation	home	write	-	agent,mcp,user,workflow	functions:manage	-	-	-	702646945a03	d0e7a29830c7	5e0374458cf9
functions.authoring.targets	1	system.functions	query	query	home	read	-	agent,mcp,user,workflow	functions:manage	-	-	-	edf9aab1fda6	87f25d1d2088	-
functions.authoring.update	1	system.functions	command	operation	home	write	-	agent,mcp,user,workflow	functions:manage	-	-	-	e3652b71afc3	d0e7a29830c7	-
functions.authoring.usages	1	system.functions	query	query	home	read	-	agent,mcp,user,workflow	functions:manage	-	-	-	edf9aab1fda6	8c073c89734d	-
functions.describe	1	system.functions	query	query	home	read	-	agent,mcp,user,workflow	-	-	-	-	53672b97101f	5714bf9ba068	-
functions.invoke	1	system.functions	command	judgment	home	write	concurrent	agent,mcp,user,workflow	functions:invoke	-	-	-	688cfa3132a9	3e5bfa056005	613063238287
functions.list	1	system.functions	query	query	home	read	-	agent,mcp,user,workflow	-	-	-	-	99334726611c	dddcf6db96b5	-
functions.published.system_admit_inbox	1	system.functions	command	judgment	home	write	concurrent	agent,mcp,user,workflow	functions:invoke	feed_item	-	molis.behavior-recommendation.v1	47f5e4b0672c	10a70c79f4c2	613063238287
functions.published.system_pick_home_dock	1	system.functions	command	judgment	home	write	concurrent	agent,mcp,user,workflow	functions:invoke	inbox_entry	-	molis.behavior-recommendation.v1	47f5e4b0672c	6dd042d20bb8	613063238287
functions.published.system_pick_inbox_next	1	system.functions	command	judgment	home	write	concurrent	agent,mcp,user,workflow	functions:invoke	inbox_entry	-	molis.behavior-recommendation.v1	47f5e4b0672c	8e577f5742fd	613063238287
goals.planning.personal.list	1	io.molis.work.goals.home	query	query	home	read	-	agent,mcp,user,workflow	goals:read	planning_method	-	-	d746974fa9af	c30d341c6d5e	-
goals.planning.personal.save	1	io.molis.work.goals.home	command	operation	home	write	-	user	goals:write	planning_method	-	-	0a722df528dc	4e4953eb8f2e	9a20bdba744a
home.actions.choices	1	system.home	query	query	project	read	concurrent	agent,mcp,user,workflow	home:read	-	-	-	e42f0fa1ddb8	8c00dfcaafe8	-
home.actions.execute	1	system.home	command	operation	project	write	concurrent	agent,mcp,user,workflow	home:read	-	-	-	a016cc23aae2	2c40383ba563	-
home.actions.prepare	1	system.home	query	query	project	read	concurrent	agent,mcp,user,workflow	home:read	-	-	-	03d0cfd95e8f	8e296276b093	-
home.events.open	1	system.home	query	query	project	read	concurrent	agent,mcp,user,workflow	home:read	-	-	-	e927513cdc04	031574854222	-
home.events.read	1	system.home	query	query	project	read	concurrent	agent,mcp,user,workflow	home:read	-	-	-	88db02166b7c	5fab5fa90340	-
home.judgment.evaluate	1	system.home	command	operation	project	write	concurrent	agent,mcp,user,workflow	home:read,model:invoke	-	-	-	14f7b8ca12fc	1849cb2ba26c	f1e701f6e4c3
home.judgment.read	1	system.home	query	query	project	read	-	agent,mcp,user,workflow	home:read	-	-	-	99334726611c	ab6bc165d6d7	-
home.judgment.write	1	system.home	command	operation	project	write	-	agent,mcp,user,workflow	home:write	-	-	-	561b3068099c	3bef9ab5352a	-
home.recommendations.read	1	system.home	query	query	project	read	-	agent,mcp,user,workflow	home:read	-	-	-	99334726611c	1849cb2ba26c	-
home.talk.prepare	1	system.home	query	query	project	read	concurrent	agent,mcp,user,workflow	home:read,sessions:read	-	-	-	99b557e4a48f	303fac4d388a	a765d8f93204
information.plan	1	system.information	query	query	project	read	concurrent	user	feed:read,inbox:read,model:invoke	-	-	-	8e2694dda5f5	4f388ba1b8eb	5fe768d5ddb0
mcp.grants.usages	1	system.action-usages	query	query	home	read	concurrent	user	-	-	molis.action-usages.input.v1	molis.action-usages.output.v1	8fc50332e9ea	d6491f838975	-
memory.candidates.accept	1	system.memory	command	operation	home	write	-	user	memory:write	-	-	-	626188f7418d	ff605b709fa2	-
memory.candidates.discard	1	system.memory	command	operation	home	write	-	user	memory:write	-	-	-	37254ec6d87d	edb00d857d7a	-
memory.candidates.list	1	system.memory	query	query	home	read	-	user	memory:read	-	-	-	b28a55099e67	768a77d07c84	-
memory.change	1	system.memory	command	operation	home	write	-	user	memory:write	-	-	-	de64d04731c5	5c4560c6744d	-
memory.changes.list	1	system.memory	query	query	home	read	-	user	memory:read	-	-	-	fa96e8cd4628	cb3ed43dfa73	-
memory.changes.undo	1	system.memory	command	operation	home	write	-	user	memory:write	-	-	-	07865821fd07	ee77d4571327	-
memory.export	1	system.memory	query	query	home	read	-	user	memory:export	-	-	-	fa7432c0eaf4	7ffbdcc0ada2	-
memory.history	1	system.memory	query	query	home	read	-	user	memory:read	-	-	-	d5966af3318e	fce893696dd9	-
memory.import	1	system.memory	command	operation	home	write	-	user	memory:export	-	-	-	7800d94ff697	a0809c153e83	-
memory.list	1	system.memory	query	query	home	read	-	agent,user	memory:read	-	-	-	1ac220317487	6bec60b91a55	5e0374458cf9
memory.pairs.list	1	system.memory	query	query	home	read	-	user	memory:read	-	-	-	8fae6285b822	983c812a2083	-
memory.pairs.resolve	1	system.memory	command	operation	home	write	-	user	memory:write	-	-	-	29218ac07da5	8cee623341f8	-
memory.prefs.read	1	system.memory	query	query	home	read	-	user	memory:configure	-	-	-	f0c071b0cd86	a9a489fc4758	-
memory.prefs.write	1	system.memory	command	operation	home	write	-	user	memory:configure	-	-	-	a8abc68b0bcf	a9a489fc4758	-
memory.recall	1	system.memory	query	query	home	read	concurrent	agent,mcp,user,workflow	memory:recall	-	-	-	11820371c2c9	7e70781adb8e	5e0374458cf9
memory.scope.clear	1	system.memory	command	operation	home	irreversible	-	user	memory:configure	-	-	-	52e3e9d11900	6ee8d1e61d06	-
memory.scope.preview	1	system.memory	query	query	home	read	-	user	memory:configure	-	-	-	fa7432c0eaf4	ea5329a82ead	-
memory.signals.report	1	system.memory	command	operation	home	write	concurrent	user	memory:write	-	-	-	80ee41256b15	414a99299b4d	-
memory.upkeep.run	1	system.memory	command	operation	home	write	-	user	memory:configure	-	-	-	99334726611c	4cbea3fe09c1	-
memory.write	1	system.memory	command	operation	home	write	-	agent,user	memory:write	-	-	-	1bab46e4dc03	54d059739ba2	5e0374458cf9
model.generate	1	plugin-platform	command	operation	project	read	concurrent	plugin	-	-	-	-	3b1535dcc4d4	54669b5e6a1b	6a3e5b336e38
placement.convert	1	system.placement	command	operation	home	write	-	user	placement:read,placement:write	-	-	-	850deba8577c	0fac34ae8b8f	-
placement.copy	1	system.placement	command	operation	home	write	-	user	placement:read,placement:write	-	-	-	c5d3f5ab6119	c8f6063885fc	-
placement.create	1	system.placement	command	operation	home	write	-	user	placement:read,placement:write	-	-	-	eb83462c854f	ab68d3ea3932	-
placement.describe	1	system.placement	query	query	home	read	concurrent	agent,user	placement:read	-	-	-	551a9964df38	0afbb6c1fc04	-
placement.goal.bind	1	system.placement	command	operation	home	write	-	user	placement:read,placement:write	-	-	-	1ac630107b15	673957d8495a	-
placement.goals	1	system.placement	query	query	home	read	concurrent	agent,user	placement:read	-	-	-	03636e556197	b0d83604bd15	-
placement.link	1	system.placement	command	operation	home	write	-	user	placement:read,placement:write	-	-	-	954d5893299d	673957d8495a	-
placement.locate	1	system.placement	query	query	home	read	concurrent	agent,user	placement:read	-	-	-	551a9964df38	a77217e9b48b	-
placement.move	1	system.placement	command	operation	home	write	-	user	placement:read,placement:write	-	-	-	169a381ae63d	c8f6063885fc	-
placement.related	1	system.placement	query	query	home	read	concurrent	agent,user	placement:read	-	-	-	03636e556197	c77ce5a16d74	-
placement.spaces	1	system.placement	query	query	home	read	concurrent	agent,user	placement:read	-	-	-	d746974fa9af	afb3d85a8f08	-
placement.unlink	1	system.placement	command	operation	home	write	-	user	placement:read,placement:write	-	-	-	767463c0e660	ffe64f3e9a62	-
projects.workspace.files.read	1	platform	query	query	project	read	-	agent,mcp,user,workflow	workspace:read	workspace	-	-	9a0d0d76ae5b	a2c799262a3c	-
projects.workspace.git.inspect	1	platform	query	query	project	read	-	agent,mcp,user,workflow	workspace:read	workspace	-	-	5c51a17cf8a5	a2c799262a3c	-
projects.workspace.read.v1	1	platform	query	query	project	read	-	agent,mcp,user,workflow	-	project	-	project.workspace.optional	9cecb8ebe607	bff4d7a70ea2	-
projects.workspaces.add	1	system.project-workspaces	command	operation	project	write	-	user	projects:settings	project	-	-	950c0f3c0eb8	3b9e6ac25f38	-
projects.workspaces.repair	1	system.project-workspaces	command	operation	project	write	-	user	projects:settings	project	-	-	2bdd0f77dff7	71f9d6e31713	-
projects.workspaces.unlink	1	system.project-workspaces	command	operation	project	write	-	user	projects:settings	project	-	-	f0b30453a779	03e95e30172e	-
reminders.add	1	schedule.reminders	command	operation	project	write	-	plugin	-	-	-	-	71485c9abc5b	ef037158975d	da4cabf8f160
reminders.cancel	1	schedule.reminders	command	operation	project	write	-	plugin	-	-	-	-	4c1b17162086	801caa38eb43	da4cabf8f160
scenes.disable:feed.capture	1	io.molis.work.feed	command	operation	project	write	-	agent,mcp,plugin,user,workflow	feed:write	-	-	-	440ceca300ea	7606656fb550	-
scenes.disable:home.dock	1	system.home	command	operation	project	write	-	agent,mcp,plugin,user,workflow	home:write	-	-	-	440ceca300ea	7606656fb550	-
scenes.disable:inbox.next	1	io.molis.work.inbox	command	operation	project	write	-	agent,mcp,plugin,user,workflow	inbox:write	-	-	-	440ceca300ea	7606656fb550	-
scenes.enable:feed.capture	1	io.molis.work.feed	command	operation	project	write	-	agent,mcp,plugin,user,workflow	feed:read,feed:write,model:invoke	-	-	-	440ceca300ea	7606656fb550	-
scenes.enable:home.dock	1	system.home	command	operation	project	write	-	agent,mcp,plugin,user,workflow	home:read,home:write,model:invoke	-	-	-	440ceca300ea	7606656fb550	-
scenes.enable:inbox.next	1	io.molis.work.inbox	command	operation	project	write	-	agent,mcp,plugin,user,workflow	inbox:read,inbox:write,model:invoke	-	-	-	440ceca300ea	7606656fb550	-
scenes.targets:feed.capture	1	io.molis.work.feed	query	query	project	read	-	agent,mcp,plugin,user,workflow	feed:write	-	-	-	fe0dbb377896	87f25d1d2088	-
scenes.targets:home.dock	1	system.home	query	query	project	read	-	agent,mcp,plugin,user,workflow	home:write	-	-	-	fe0dbb377896	87f25d1d2088	-
scenes.targets:inbox.next	1	io.molis.work.inbox	query	query	project	read	-	agent,mcp,plugin,user,workflow	inbox:write	-	-	-	fe0dbb377896	87f25d1d2088	-
schedules.add	1	schedule.operations	command	operation	project	write	-	plugin	-	-	-	-	67ae4a34f81d	397db6ec2479	da4cabf8f160
schedules.cancel	1	schedule.operations	command	operation	project	write	-	plugin	-	-	-	-	1c37c2b3b53a	801caa38eb43	da4cabf8f160
sdk.artifacts.plugin-install-1f6466ff32b4232a98f50611ede69465.publish	1	sdk.artifacts.plugin-install-1f6466ff32b4232a98f50611ede69465	command	operation	project	write	-	plugin	artifact:write	artifact	-	-	fac293a9dca6	1085d413a442	-
sdk.artifacts.plugin-install-1f6466ff32b4232a98f50611ede69465.read	1	sdk.artifacts.plugin-install-1f6466ff32b4232a98f50611ede69465	query	query	project	read	-	plugin	artifact:read	artifact	-	-	71df1b1a1513	2859b2436279	-
sdk.artifacts.plugin-install-1f6466ff32b4232a98f50611ede69465.record	1	sdk.artifacts.plugin-install-1f6466ff32b4232a98f50611ede69465	command	operation	project	write	-	plugin	artifact:write	artifact	-	-	4b70788eb322	594bfb4904e7	-
sdk.artifacts.plugin-install-4790d5958896dce594cbd88abc496685.publish	1	sdk.artifacts.plugin-install-4790d5958896dce594cbd88abc496685	command	operation	project	write	-	plugin	artifact:write	artifact	-	-	fac293a9dca6	1085d413a442	-
sdk.artifacts.plugin-install-4790d5958896dce594cbd88abc496685.read	1	sdk.artifacts.plugin-install-4790d5958896dce594cbd88abc496685	query	query	project	read	-	plugin	artifact:read	artifact	-	-	71df1b1a1513	2859b2436279	-
sdk.artifacts.plugin-install-4790d5958896dce594cbd88abc496685.record	1	sdk.artifacts.plugin-install-4790d5958896dce594cbd88abc496685	command	operation	project	write	-	plugin	artifact:write	artifact	-	-	4b70788eb322	594bfb4904e7	-
sdk.artifacts.plugin-install-7d7b3314323c66d2f0199158cb692678.publish	1	sdk.artifacts.plugin-install-7d7b3314323c66d2f0199158cb692678	command	operation	project	write	-	plugin	artifact:write	artifact	-	-	fac293a9dca6	1085d413a442	-
sdk.artifacts.plugin-install-7d7b3314323c66d2f0199158cb692678.read	1	sdk.artifacts.plugin-install-7d7b3314323c66d2f0199158cb692678	query	query	project	read	-	plugin	artifact:read	artifact	-	-	71df1b1a1513	2859b2436279	-
sdk.artifacts.plugin-install-7d7b3314323c66d2f0199158cb692678.record	1	sdk.artifacts.plugin-install-7d7b3314323c66d2f0199158cb692678	command	operation	project	write	-	plugin	artifact:write	artifact	-	-	4b70788eb322	594bfb4904e7	-
sdk.artifacts.plugin-install-9118333e82adbdf7214fda357f25ff2c.publish	1	sdk.artifacts.plugin-install-9118333e82adbdf7214fda357f25ff2c	command	operation	project	write	-	plugin	artifact:write	artifact	-	-	fac293a9dca6	1085d413a442	-
sdk.artifacts.plugin-install-9118333e82adbdf7214fda357f25ff2c.read	1	sdk.artifacts.plugin-install-9118333e82adbdf7214fda357f25ff2c	query	query	project	read	-	plugin	artifact:read	artifact	-	-	71df1b1a1513	2859b2436279	-
sdk.artifacts.plugin-install-9118333e82adbdf7214fda357f25ff2c.record	1	sdk.artifacts.plugin-install-9118333e82adbdf7214fda357f25ff2c	command	operation	project	write	-	plugin	artifact:write	artifact	-	-	4b70788eb322	594bfb4904e7	-
sdk.artifacts.plugin-install-9b090ee5406d4f5907d370339bdd8045.publish	1	sdk.artifacts.plugin-install-9b090ee5406d4f5907d370339bdd8045	command	operation	project	write	-	plugin	artifact:write	artifact	-	-	fac293a9dca6	1085d413a442	-
sdk.artifacts.plugin-install-9b090ee5406d4f5907d370339bdd8045.read	1	sdk.artifacts.plugin-install-9b090ee5406d4f5907d370339bdd8045	query	query	project	read	-	plugin	artifact:read	artifact	-	-	71df1b1a1513	2859b2436279	-
sdk.artifacts.plugin-install-9b090ee5406d4f5907d370339bdd8045.record	1	sdk.artifacts.plugin-install-9b090ee5406d4f5907d370339bdd8045	command	operation	project	write	-	plugin	artifact:write	artifact	-	-	4b70788eb322	594bfb4904e7	-
sdk.artifacts.plugin-install-a2d0547d448030b70d0710e378775d51.publish	1	sdk.artifacts.plugin-install-a2d0547d448030b70d0710e378775d51	command	operation	project	write	-	plugin	artifact:write	artifact	-	-	fac293a9dca6	1085d413a442	-
sdk.artifacts.plugin-install-a2d0547d448030b70d0710e378775d51.read	1	sdk.artifacts.plugin-install-a2d0547d448030b70d0710e378775d51	query	query	project	read	-	plugin	artifact:read	artifact	-	-	71df1b1a1513	2859b2436279	-
sdk.artifacts.plugin-install-a2d0547d448030b70d0710e378775d51.record	1	sdk.artifacts.plugin-install-a2d0547d448030b70d0710e378775d51	command	operation	project	write	-	plugin	artifact:write	artifact	-	-	4b70788eb322	594bfb4904e7	-
sdk.artifacts.plugin-install-d235ca007dcd828cde4b5350e0531131.publish	1	sdk.artifacts.plugin-install-d235ca007dcd828cde4b5350e0531131	command	operation	project	write	-	plugin	artifact:write	artifact	-	-	fac293a9dca6	1085d413a442	-
sdk.artifacts.plugin-install-d235ca007dcd828cde4b5350e0531131.read	1	sdk.artifacts.plugin-install-d235ca007dcd828cde4b5350e0531131	query	query	project	read	-	plugin	artifact:read	artifact	-	-	71df1b1a1513	2859b2436279	-
sdk.artifacts.plugin-install-d235ca007dcd828cde4b5350e0531131.record	1	sdk.artifacts.plugin-install-d235ca007dcd828cde4b5350e0531131	command	operation	project	write	-	plugin	artifact:write	artifact	-	-	4b70788eb322	594bfb4904e7	-
search.fragment.offers	1	system.search	query	query	home	read	concurrent	agent,mcp,plugin,user,workflow	search:read	molis.any-object	molis.fragment-offers.input.v1	molis.fragment-offers.output.v1	0dbe645dfc7a	1e3af5170ce2	fcf189cd9dc2
search.open	1	system.search	query	query	home	read	concurrent	agent,mcp,plugin,user,workflow	search:read	-	-	-	ea6bf59461ad	3dec1eff6f99	-
search.query	1	system.search	query	query	home	read	concurrent	agent,mcp,plugin,user,workflow	search:read	-	-	-	5d13a86ef959	68e25746b838	-
search.rebuild	1	system.search	command	operation	home	write	concurrent	user	search:manage	-	-	-	95b7741253bf	b11c9beb88b3	-
search.status	1	system.search	query	query	home	read	concurrent	agent,mcp,plugin,user,workflow	search:read	-	-	-	95b7741253bf	67fb0130cd9a	-
shelf.clipboard.add	1	io.molis.work.shelf	command	operation	home	write	concurrent	user	shelf:write	shelf_item	-	-	1e70b19dcc36	58a37003b20e	-
shelf.clipboard.delete	1	io.molis.work.shelf	command	operation	home	irreversible	concurrent	user	shelf:write	shelf_item	-	-	6b2a3feaa067	07a9ad95ba37	-
shelf.clipboard.material	1	io.molis.work.shelf	command	operation	home	write	concurrent	user	shelf:write	shelf_item	-	-	6b2a3feaa067	67ac7d2da11b	-
shelf.clipboard.search.entries	1	io.molis.work.shelf	query	query	home	read	concurrent	user	shelf:read	shelf_clip	molis.search.entries.window.v1	molis.search.entries.page.v1	09d161bb4729	501913bfa17f	d2fb945f1363
shelf.files.content	1	io.molis.work.shelf	query	query	home	read	concurrent	user	shelf:read	shelf_item	molis.files.content.request.v1	molis.files.content.v1	99b557e4a48f	3197f1792222	1985622947b2
shelf.files.entries	1	io.molis.work.shelf	query	query	home	read	concurrent	user	shelf:read	shelf_item	molis.files.entries.window.v1	molis.files.entries.page.v1	09d161bb4729	fef9b910b93e	499a33613cb8
shelf.items.admit	1	io.molis.work.shelf	command	operation	home	write	concurrent	agent,mcp,user,workflow	shelf:write	shelf_item	-	-	16a8ba4611a1	67ac7d2da11b	-
shelf.items.admit-folder	1	io.molis.work.shelf	command	operation	home	write	concurrent	user	shelf:write	shelf_item	-	-	eca36aa8b8b0	67ac7d2da11b	-
shelf.items.delete	1	io.molis.work.shelf	command	operation	home	irreversible	concurrent	agent,mcp,user,workflow	shelf:write	shelf_item	-	-	e7b581b16414	07a9ad95ba37	-
shelf.items.edit	1	io.molis.work.shelf	command	operation	home	write	concurrent	agent,mcp,user,workflow	shelf:write	shelf_item	-	-	e740faa7c1e5	67ac7d2da11b	-
shelf.items.file	1	io.molis.work.shelf	query	query	home	read	concurrent	user	shelf:read	shelf_item	-	-	1bbda887db76	adfc29c8fac7	-
shelf.items.hide	1	io.molis.work.shelf	command	operation	home	write	concurrent	agent,mcp,user,workflow	shelf:write	shelf_item	-	-	e7b581b16414	711ed75c6bfc	-
shelf.items.list	1	io.molis.work.shelf	query	query	home	read	concurrent	agent,mcp,user,workflow	shelf:read	shelf_item	-	-	d746974fa9af	d5e0651a7515	-
shelf.items.read	1	io.molis.work.shelf	query	query	home	read	concurrent	agent,mcp,user,workflow	shelf:read	shelf_item	-	-	e7b581b16414	cf1040f2ce00	-
shelf.items.use-material	1	io.molis.work.shelf	command	operation	home	write	concurrent	agent,mcp,user,workflow	shelf:write	shelf_item	-	-	e7b581b16414	67ac7d2da11b	-
shelf.jobs.cancel	1	io.molis.work.shelf	command	operation	home	write	concurrent	agent,mcp,user,workflow	shelf:write	shelf_item	-	-	1fbe22fd55b0	8e9e8bface84	-
shelf.jobs.extract	1	io.molis.work.shelf	command	operation	home	write	concurrent	agent,mcp,user,workflow	shelf:write	shelf_item	-	-	55152b48d3a8	540915ccfba3	fb3114bd6407
shelf.jobs.generate	1	io.molis.work.shelf	command	operation	home	write	concurrent	agent,mcp,user,workflow	model:invoke,shelf:write	shelf_item	-	-	1eb8e14f7046	540915ccfba3	5e9da1767ea7
shelf.material.preview	1	io.molis.work.shelf	query	query	project	read	-	user	shelf:read	shelf_item	-	-	e7b581b16414	e93fc94fd3d3	-
shelf.material.save	1	io.molis.work.shelf	command	operation	project	write	-	user	artifact:write,shelf:read	shelf_item	-	-	33cc121c357d	758e75828c89	-
shelf.sample.seed	1	io.molis.work.shelf	command	operation	home	write	concurrent	user	shelf:write	shelf_item	-	-	d746974fa9af	67ac7d2da11b	-
shelf.search.entries	1	io.molis.work.shelf	query	query	home	read	concurrent	agent,mcp,plugin,user,workflow	shelf:read	shelf_item	molis.search.entries.window.v1	molis.search.entries.page.v1	09d161bb4729	501913bfa17f	45f1a60935cc
shelf.settings.read	1	io.molis.work.shelf	query	query	home	read	concurrent	user	shelf:read	shelf_item	-	-	d746974fa9af	a2c799262a3c	-
shelf.settings.write	1	io.molis.work.shelf	command	operation	home	write	concurrent	user	shelf:write	shelf_item	-	-	a2c799262a3c	a2c799262a3c	-
shelf.snapshot	1	io.molis.work.shelf	query	query	home	read	concurrent	user	shelf:read	shelf_item	-	-	d746974fa9af	c87ea7c31301	-
shelf.subject.read	1	io.molis.work.shelf	query	query	home	read	concurrent	agent,mcp,user,workflow	shelf:read	shelf_item	molis.subject-reference.v1	molis.subject-context.v1	56056e2eba4c	db343dd77f37	-
